{
    "best_solution": {
        "fitness": -1.474831371307373,
        "genes": [
            -2.167962810273367,
            -1.7166783135185875,
            0.48626455044195527,
            -1.2518376837628566,
            0.667848859923656,
            0.6810617616242434,
            -2.1487054557042633,
            0.00025256617074657234,
            0.8721480260387495,
            0.5720664076075418,
            2.4088815364816525,
            -1.7524630185934706,
            1.1110518957278683,
            0.5752907637036564,
            1.6090434045360589,
            -0.3934627721983611,
            -1.0488634073086938,
            -0.3272476546517964,
            -1.991832743514212,
            -0.855984822620185,
            1.418556056373108,
            0.2792881055009483,
            -0.6822313547711237,
            -0.049651338557922364,
            -0.7475119201198973,
            -0.6374001728744407,
            -2.158926571191945,
            0.292398751943886,
            0.2924415563118016,
            -0.5937361326769395,
            1.8281316344100471,
            1.7392731840394557,
            1.1132892194422646,
            -0.6962280741103462,
            0.16908903318970303,
            -0.4574271756889177,
            1.3774625171514931,
            0.795378905611194,
            -1.9940189940547728,
            1.0126887568005791,
            -0.9954426183494474,
            0.007874448209836432,
            -0.7921418590075785,
            1.0842977667367044,
            -2.72070409637082,
            -0.828882109427738,
            -2.1819749579562586,
            1.9735723824392926,
            0.3724757302833132,
            -0.7727618930975757,
            0.1256435582136105,
            0.8471993224163956,
            -1.0726087228144596,
            -1.2290766370518507,
            -0.4941346834082367,
            -2.8220008877660425,
            -0.02844959041609707,
            -0.5388551964359434,
            -0.7817854004372514,
            0.28207265844748897,
            -0.7289086066855646,
            -0.3460807094918251,
            -1.0876470278193267,
            -0.03814844725885966,
            0.46532355929101654,
            -0.568251317685178,
            1.7924011368648334,
            0.6990114855190758,
            1.9371530827860939,
            0.5655218689289765,
            -1.0597355973656297,
            -0.11803688605690421,
            -0.03399581927860962,
            -1.815267228440136,
            1.3137048257705133,
            -1.9103339778647,
            0.048046180813330765,
            -0.8667774659543293,
            -1.4665597716299055,
            0.9424522771127323,
            -0.754558402444951,
            0.16138956148561379,
            -0.14944608857330124,
            -3.3791638805784743,
            2.100649002863685,
            -0.09226850756742083,
            1.0017851366769661,
            -0.12215954927556413,
            0.7830053521935685,
            1.2804297508565101,
            -1.0145616852338184,
            0.7852299322161053,
            -0.2597897257195272,
            0.22126094236804006,
            0.09740617294527742,
            0.030920368725235625,
            0.20339584605147593,
            -0.5972093049837319,
            -1.3718135470379167,
            -0.3776844769321917
        ]
    },
    "history": {
        "best": [
            -1.5370479214191437,
            -1.5370479214191437,
            -1.5186491000652313,
            -1.5122096228599549,
            -1.5122096228599549,
            -1.5122096228599549,
            -1.5122096228599549,
            -1.4964275646209717,
            -1.4964275646209717,
            -1.4964275646209717,
            -1.4964275646209717,
            -1.4964275646209717,
            -1.4964275646209717,
            -1.4964275646209717,
            -1.4964275646209717,
            -1.4964275646209717,
            -1.4964275646209717,
            -1.4964275646209717,
            -1.4964275646209717,
            -1.4964275646209717,
            -1.4964275646209717,
            -1.4964275646209717,
            -1.4964275646209717,
            -1.4964275646209717,
            -1.4964275646209717,
            -1.4964275646209717,
            -1.4964275646209717,
            -1.4964275646209717,
            -1.4964275646209717,
            -1.4964275646209717,
            -1.4964275646209717,
            -1.4964275646209717,
            -1.4964275646209717,
            -1.4964275646209717,
            -1.480152039527893,
            -1.480152039527893,
            -1.480152039527893,
            -1.480152039527893,
            -1.480152039527893,
            -1.480152039527893,
            -1.480152039527893,
            -1.480152039527893,
            -1.480152039527893,
            -1.480152039527893,
            -1.480152039527893,
            -1.480152039527893,
            -1.480152039527893,
            -1.480152039527893,
            -1.480152039527893,
            -1.480152039527893,
            -1.480152039527893,
            -1.480152039527893,
            -1.480152039527893,
            -1.480152039527893,
            -1.480152039527893,
            -1.480152039527893,
            -1.474831371307373,
            -1.474831371307373,
            -1.474831371307373,
            -1.474831371307373,
            -1.474831371307373,
            -1.474831371307373,
            -1.474831371307373,
            -1.474831371307373,
            -1.474831371307373,
            -1.474831371307373,
            -1.474831371307373,
            -1.474831371307373,
            -1.474831371307373,
            -1.474831371307373,
            -1.474831371307373,
            -1.474831371307373,
            -1.474831371307373,
            -1.474831371307373,
            -1.474831371307373,
            -1.474831371307373,
            -1.474831371307373,
            -1.474831371307373,
            -1.474831371307373,
            -1.474831371307373,
            -1.474831371307373,
            -1.474831371307373,
            -1.474831371307373,
            -1.474831371307373,
            -1.474831371307373,
            -1.474831371307373,
            -1.474831371307373,
            -1.474831371307373,
            -1.474831371307373,
            -1.474831371307373,
            -1.474831371307373,
            -1.474831371307373,
            -1.474831371307373,
            -1.474831371307373,
            -1.474831371307373,
            -1.474831371307373,
            -1.474831371307373,
            -1.474831371307373,
            -1.474831371307373,
            -1.474831371307373,
            -1.474831371307373
        ],